image,class
UTC_08_00_00.mat,0.318987437
UTC_08_10_00.mat,0.359585289
